-- phpMyAdmin SQL Dump
-- version 4.0.4.1
-- http://www.phpmyadmin.net
--
-- ‰∏ªÊú∫: 127.0.0.1
-- ÁîüÊàêÊó•Êúü: 2015 Âπ?06 Êú?19 Êó?11:05
-- ÊúçÂä°Âô®ÁâàÊú¨: 5.6.11
-- PHP ÁâàÊú¨: 5.5.1

SET SQL_MODE = "NO_AUTO_VALUE_ON_ZERO";
SET time_zone = "+00:00";


/*!40101 SET @OLD_CHARACTER_SET_CLIENT=@@CHARACTER_SET_CLIENT */;
/*!40101 SET @OLD_CHARACTER_SET_RESULTS=@@CHARACTER_SET_RESULTS */;
/*!40101 SET @OLD_COLLATION_CONNECTION=@@COLLATION_CONNECTION */;
/*!40101 SET NAMES utf8 */;

--
-- Êï∞ÊçÆÂ∫ì: `grms`
--
CREATE DATABASE IF NOT EXISTS `grms` DEFAULT CHARACTER SET latin1 COLLATE latin1_swedish_ci;
USE `grms`;

-- --------------------------------------------------------

--
-- Ë°®ÁöÑÁªìÊûÑ `branchs`
--

CREATE TABLE IF NOT EXISTS `branchs` (
  `id` int(11) NOT NULL AUTO_INCREMENT,
  `lst_id` int(11) DEFAULT NULL,
  `name` varchar(50) DEFAULT NULL,
  PRIMARY KEY (`id`),
  KEY `lst_id` (`lst_id`)
) ENGINE=InnoDB DEFAULT CHARSET=utf8 AUTO_INCREMENT=1 ;

-- --------------------------------------------------------

--
-- Ë°®ÁöÑÁªìÊûÑ `branch_right`
--

CREATE TABLE IF NOT EXISTS `branch_right` (
  `branch_id` int(11) DEFAULT NULL,
  `right_id` int(11) DEFAULT NULL,
  KEY `branch_id` (`branch_id`),
  KEY `right_id` (`right_id`)
) ENGINE=InnoDB DEFAULT CHARSET=utf8;

-- --------------------------------------------------------

--
-- Ë°®ÁöÑÁªìÊûÑ `branch_role`
--

CREATE TABLE IF NOT EXISTS `branch_role` (
  `branch_id` int(11) DEFAULT NULL,
  `role_id` int(11) DEFAULT NULL,
  KEY `branch_id` (`branch_id`),
  KEY `role_id` (`role_id`)
) ENGINE=InnoDB DEFAULT CHARSET=utf8;

-- --------------------------------------------------------

--
-- Ë°®ÁöÑÁªìÊûÑ `branch_user`
--

CREATE TABLE IF NOT EXISTS `branch_user` (
  `branch_id` int(11) DEFAULT NULL,
  `user_id` int(11) DEFAULT NULL,
  KEY `branch_id` (`branch_id`),
  KEY `user_id` (`user_id`)
) ENGINE=InnoDB DEFAULT CHARSET=utf8;

-- --------------------------------------------------------

--
-- Ë°®ÁöÑÁªìÊûÑ `logs`
--

CREATE TABLE IF NOT EXISTS `logs` (
  `id` int(11) NOT NULL AUTO_INCREMENT,
  `user_id` int(11) DEFAULT NULL,
  `date` datetime DEFAULT NULL,
  `descp` varchar(100) DEFAULT NULL,
  PRIMARY KEY (`id`),
  KEY `user_id` (`user_id`)
) ENGINE=InnoDB DEFAULT CHARSET=utf8 AUTO_INCREMENT=1 ;

-- --------------------------------------------------------

--
-- Ë°®ÁöÑÁªìÊûÑ `rights`
--

CREATE TABLE IF NOT EXISTS `rights` (
  `id` int(11) NOT NULL AUTO_INCREMENT,
  `name` varchar(50) DEFAULT NULL,
  PRIMARY KEY (`id`)
) ENGINE=InnoDB  DEFAULT CHARSET=utf8 AUTO_INCREMENT=9 ;

--
-- ËΩ¨Â≠òË°®‰∏≠ÁöÑÊï∞ÊçÆ `rights`
--

INSERT INTO `rights` (`id`, `name`) VALUES
(1, 'ÊùÉÈôê‰∏Ä'),
(2, 'ÊùÉÈôê‰∫å'),
(3, 'ÊùÉÈôê‰∏Ä'),
(4, 'ÊùÉÈôê‰∫å'),
(5, 'ÊùÉÈôê‰∏â'),
(6, 'ÊùÉÈôêÂõõ'),
(7, 'ÊùÉÈôê‰∫î'),
(8, 'ÊùÉÈôêÂÖ≠                                               ');

-- --------------------------------------------------------

--
-- Ë°®ÁöÑÁªìÊûÑ `roles`
--

CREATE TABLE IF NOT EXISTS `roles` (
  `id` int(11) NOT NULL AUTO_INCREMENT,
  `name` varchar(20) DEFAULT NULL,
  PRIMARY KEY (`id`)
) ENGINE=InnoDB  DEFAULT CHARSET=utf8 AUTO_INCREMENT=7 ;

--
-- ËΩ¨Â≠òË°®‰∏≠ÁöÑÊï∞ÊçÆ `roles`
--

INSERT INTO `roles` (`id`, `name`) VALUES
(1, 'ËßíËâ≤‰∏Ä'),
(2, 'ËßíËâ≤‰∫å'),
(3, 'ËßíËâ≤‰∏â'),
(4, 'ËßíËâ≤Âõõ'),
(5, 'ËßíËâ≤‰∫î'),
(6, 'ËßíËâ≤ÂÖ≠');

-- --------------------------------------------------------

--
-- Ë°®ÁöÑÁªìÊûÑ `role_right`
--

CREATE TABLE IF NOT EXISTS `role_right` (
  `role_id` int(11) DEFAULT NULL,
  `right_id` int(11) DEFAULT NULL,
  KEY `right_id` (`right_id`),
  KEY `role_id` (`role_id`)
) ENGINE=InnoDB DEFAULT CHARSET=utf8;

-- --------------------------------------------------------

--
-- Ë°®ÁöÑÁªìÊûÑ `role_user`
--

CREATE TABLE IF NOT EXISTS `role_user` (
  `role_id` int(11) DEFAULT NULL,
  `user_id` int(11) DEFAULT NULL,
  KEY `user_id` (`user_id`),
  KEY `role_id` (`role_id`)
) ENGINE=InnoDB DEFAULT CHARSET=utf8;

--
-- ËΩ¨Â≠òË°®‰∏≠ÁöÑÊï∞ÊçÆ `role_user`
--

INSERT INTO `role_user` (`role_id`, `user_id`) VALUES
(2, 1),
(2, 2),
(2, 3),
(3, 1),
(3, 3);

-- --------------------------------------------------------

--
-- Ë°®ÁöÑÁªìÊûÑ `users`
--

CREATE TABLE IF NOT EXISTS `users` (
  `id` int(11) NOT NULL AUTO_INCREMENT,
  `username` varchar(20) DEFAULT NULL,
  `sex` varchar(6) DEFAULT NULL,
  `email` varchar(30) DEFAULT NULL,
  `tel` varchar(20) DEFAULT NULL,
  `password` varchar(30) DEFAULT NULL,
  PRIMARY KEY (`id`)
) ENGINE=InnoDB  DEFAULT CHARSET=utf8 AUTO_INCREMENT=11 ;

--
-- ËΩ¨Â≠òË°®‰∏≠ÁöÑÊï∞ÊçÆ `users`
--

INSERT INTO `users` (`id`, `username`, `sex`, `email`, `tel`, `password`) VALUES
(1, 'admin', 'Áî∑', 'xxx@xx.com', '10086', '123'),
(2, 'Áî®Êà∑‰∏Ä', 'Áî∑', '589@qq.com', '10011', 'nebg'),
(3, 'Áî®Êà∑‰∫å', 'Áî∑', '5XX@qq.com', '114', 'nebg'),
(4, 'Áî®Êà∑‰∏â', 'Â•≥', '1239@qq.com', '154', 'nbgd'),
(5, 'Áî®Êà∑Âõõ', 'Áî∑', '5X9@qq.com', '114', 'nebg'),
(6, 'Áî®Êà∑‰∫î', 'Áî∑', '58921@qq.com', '114', 'nebg'),
(7, 'Áî®Êà∑ÂÖ≠', 'Áî∑', '58XX9@qq.com', '114', 'nebg');

-- --------------------------------------------------------

--
-- Ë°®ÁöÑÁªìÊûÑ `user_right`
--

CREATE TABLE IF NOT EXISTS `user_right` (
  `user_id` int(11) DEFAULT NULL,
  `right_id` int(11) DEFAULT NULL,
  KEY `user_id` (`user_id`),
  KEY `right_id` (`right_id`)
) ENGINE=InnoDB DEFAULT CHARSET=utf8;

--
-- ËΩ¨Â≠òË°®‰∏≠ÁöÑÊï∞ÊçÆ `user_right`
--

INSERT INTO `user_right` (`user_id`, `right_id`) VALUES
(1, 1),
(1, 1),
(1, 2),
(1, 3),
(1, 4),
(1, 5),
(2, 1),
(2, 3),
(3, 1),
(3, 3),
(3, 4);

--
-- ÈôêÂà∂ÂØºÂá∫ÁöÑË°®
--

--
-- ÈôêÂà∂Ë°® `branchs`
--
ALTER TABLE `branchs`
  ADD CONSTRAINT `branchs_ibfk_1` FOREIGN KEY (`lst_id`) REFERENCES `branchs` (`id`) ON DELETE CASCADE;

--
-- ÈôêÂà∂Ë°® `branch_right`
--
ALTER TABLE `branch_right`
  ADD CONSTRAINT `branch_right_ibfk_1` FOREIGN KEY (`branch_id`) REFERENCES `branchs` (`id`) ON DELETE CASCADE,
  ADD CONSTRAINT `branch_right_ibfk_2` FOREIGN KEY (`right_id`) REFERENCES `rights` (`id`) ON DELETE CASCADE;

--
-- ÈôêÂà∂Ë°® `branch_role`
--
ALTER TABLE `branch_role`
  ADD CONSTRAINT `branch_role_ibfk_1` FOREIGN KEY (`branch_id`) REFERENCES `branchs` (`id`) ON DELETE CASCADE,
  ADD CONSTRAINT `branch_role_ibfk_2` FOREIGN KEY (`role_id`) REFERENCES `roles` (`id`) ON DELETE CASCADE;

--
-- ÈôêÂà∂Ë°® `branch_user`
--
ALTER TABLE `branch_user`
  ADD CONSTRAINT `branch_user_ibfk_1` FOREIGN KEY (`branch_id`) REFERENCES `branchs` (`id`) ON DELETE CASCADE,
  ADD CONSTRAINT `branch_user_ibfk_2` FOREIGN KEY (`user_id`) REFERENCES `users` (`id`) ON DELETE CASCADE;

--
-- ÈôêÂà∂Ë°® `logs`
--
ALTER TABLE `logs`
  ADD CONSTRAINT `logs_ibfk_1` FOREIGN KEY (`user_id`) REFERENCES `users` (`id`) ON DELETE CASCADE;

--
-- ÈôêÂà∂Ë°® `role_right`
--
ALTER TABLE `role_right`
  ADD CONSTRAINT `role_right_ibfk_1` FOREIGN KEY (`right_id`) REFERENCES `rights` (`id`) ON DELETE CASCADE,
  ADD CONSTRAINT `role_right_ibfk_2` FOREIGN KEY (`role_id`) REFERENCES `roles` (`id`) ON DELETE CASCADE;

--
-- ÈôêÂà∂Ë°® `role_user`
--
ALTER TABLE `role_user`
  ADD CONSTRAINT `role_user_ibfk_1` FOREIGN KEY (`user_id`) REFERENCES `users` (`id`) ON DELETE CASCADE,
  ADD CONSTRAINT `role_user_ibfk_2` FOREIGN KEY (`role_id`) REFERENCES `roles` (`id`) ON DELETE CASCADE;

--
-- ÈôêÂà∂Ë°® `user_right`
--
ALTER TABLE `user_right`
  ADD CONSTRAINT `user_right_ibfk_1` FOREIGN KEY (`user_id`) REFERENCES `users` (`id`) ON DELETE CASCADE,
  ADD CONSTRAINT `user_right_ibfk_2` FOREIGN KEY (`right_id`) REFERENCES `rights` (`id`) ON DELETE CASCADE;

/*!40101 SET CHARACTER_SET_CLIENT=@OLD_CHARACTER_SET_CLIENT */;
/*!40101 SET CHARACTER_SET_RESULTS=@OLD_CHARACTER_SET_RESULTS */;
/*!40101 SET COLLATION_CONNECTION=@OLD_COLLATION_CONNECTION */;
